{"cameraMode":{"drawMode":0,"name":"Shaded","section":"Shading Mode"},"sceneLighting":true,"audioPlay":false,"sceneViewState":{"m_AlwaysRefresh":false,"showFog":true,"showSkybox":true,"showFlares":true,"showImageEffects":true,"showParticleSystems":true,"showVisualEffectGraphs":true,"m_FxEnabled":true},"in2DMode":false,"pivot":{"x":-0.1415395438671112,"y":0.2549170255661011,"z":2.0558390617370607},"rotation":{"x":0.22895018756389619,"y":0.0029203062877058985,"z":-0.0006868813070468605,"w":0.9734339118003845},"size":0.43925487995147707,"orthographic":false}